Labels,15 wt% in mCP,
Type,Time Scan,
Comment,,
Start,0.00,
Stop,19990.234000,
Step,9.7656250,
Fixed/Offset, ,
XAxis,Time(ns),
YAxis,Counts,

0.00,0.00000000E+0,
9.7656250,0.00000000E+0,
19.531250,0.00000000E+0,
29.296875,0.00000000E+0,
39.06250,0.00000000E+0,
48.828125,0.00000000E+0,
58.593750,0.00000000E+0,
68.359375,0.00000000E+0,
78.1250,0.00000000E+0,
87.890625,0.00000000E+0,
97.656250,0.00000000E+0,
107.421880,0.00000000E+0,
117.187500,0.00000000E+0,
126.953130,1.00000000E+0,
136.718750,6.00000000E+0,
146.484380,4.00000000E+0,
156.2500,2.91300000E+3,
166.015630,2.00000000E+4,
175.781250,1.31360000E+4,
185.546880,7.56300000E+3,
195.312500,4.74700000E+3,
205.078130,3.20600000E+3,
214.843750,2.21900000E+3,
224.609380,1.59500000E+3,
234.37500,1.22800000E+3,
244.140630,1.02500000E+3,
253.906250,8.68000000E+2,
263.671880,6.91000000E+2,
273.437500,6.22000000E+2,
283.203130,5.57000000E+2,
292.968750,5.58000000E+2,
302.734380,5.11000000E+2,
312.500,4.57000000E+2,
322.265630,4.59000000E+2,
332.031250,4.13000000E+2,
341.796880,4.30000000E+2,
351.562500,4.02000000E+2,
361.328130,3.85000000E+2,
371.093750,3.74000000E+2,
380.859380,4.02000000E+2,
390.62500,4.02000000E+2,
400.390630,3.84000000E+2,
410.156250,3.79000000E+2,
419.921880,3.73000000E+2,
429.687500,3.56000000E+2,
439.453130,3.43000000E+2,
449.218750,3.53000000E+2,
458.984380,3.38000000E+2,
468.7500,3.68000000E+2,
478.515630,3.14000000E+2,
488.281250,3.67000000E+2,
498.046880,3.35000000E+2,
507.812500,3.17000000E+2,
517.578130,3.03000000E+2,
527.343750,3.39000000E+2,
537.109380,3.29000000E+2,
546.87500,2.99000000E+2,
556.640630,3.47000000E+2,
566.406250,3.18000000E+2,
576.171880,3.17000000E+2,
585.937500,3.46000000E+2,
595.703130,3.03000000E+2,
605.468750,3.13000000E+2,
615.234380,3.01000000E+2,
625.00,2.74000000E+2,
634.765630,3.05000000E+2,
644.531250,2.94000000E+2,
654.296880,2.76000000E+2,
664.062500,3.18000000E+2,
673.828130,2.84000000E+2,
683.593750,2.69000000E+2,
693.359380,2.79000000E+2,
703.12500,3.21000000E+2,
712.890630,2.76000000E+2,
722.656250,3.09000000E+2,
732.421880,2.71000000E+2,
742.187500,2.94000000E+2,
751.953130,2.95000000E+2,
761.718750,2.57000000E+2,
771.484380,2.95000000E+2,
781.2500,2.67000000E+2,
791.015630,2.47000000E+2,
800.781250,2.68000000E+2,
810.546880,2.71000000E+2,
820.312500,2.69000000E+2,
830.078130,2.81000000E+2,
839.843750,2.62000000E+2,
849.609380,2.58000000E+2,
859.37500,2.63000000E+2,
869.140630,2.78000000E+2,
878.906250,2.38000000E+2,
888.671880,2.53000000E+2,
898.437500,2.62000000E+2,
908.203130,2.81000000E+2,
917.968750,2.39000000E+2,
927.734380,2.61000000E+2,
937.500,2.72000000E+2,
947.265630,2.54000000E+2,
957.031250,2.57000000E+2,
966.796880,2.54000000E+2,
976.562500,2.24000000E+2,
986.328130,2.37000000E+2,
996.093750,2.70000000E+2,
1005.859400,2.58000000E+2,
1015.625000,2.57000000E+2,
1025.390600,2.57000000E+2,
1035.156300,2.64000000E+2,
1044.921900,2.45000000E+2,
1054.687500,2.39000000E+2,
1064.453100,2.54000000E+2,
1074.218800,2.22000000E+2,
1083.984400,2.29000000E+2,
1093.75000,2.36000000E+2,
1103.515600,2.35000000E+2,
1113.281300,2.68000000E+2,
1123.046900,2.32000000E+2,
1132.812500,2.51000000E+2,
1142.578100,2.84000000E+2,
1152.343800,2.29000000E+2,
1162.109400,2.33000000E+2,
1171.875000,2.14000000E+2,
1181.640600,2.26000000E+2,
1191.406300,2.32000000E+2,
1201.171900,2.28000000E+2,
1210.937500,2.72000000E+2,
1220.703100,2.11000000E+2,
1230.468800,2.23000000E+2,
1240.234400,2.43000000E+2,
1250.00,2.32000000E+2,
1259.765600,2.15000000E+2,
1269.531300,2.15000000E+2,
1279.296900,1.98000000E+2,
1289.062500,2.21000000E+2,
1298.828100,2.20000000E+2,
1308.593800,2.07000000E+2,
1318.359400,2.09000000E+2,
1328.125000,2.12000000E+2,
1337.890600,1.80000000E+2,
1347.656300,2.09000000E+2,
1357.421900,2.30000000E+2,
1367.187500,2.20000000E+2,
1376.953100,2.11000000E+2,
1386.718800,2.06000000E+2,
1396.484400,2.06000000E+2,
1406.25000,2.11000000E+2,
1416.015600,1.82000000E+2,
1425.781300,1.90000000E+2,
1435.546900,2.04000000E+2,
1445.312500,2.03000000E+2,
1455.078100,1.78000000E+2,
1464.843800,2.16000000E+2,
1474.609400,2.05000000E+2,
1484.375000,1.90000000E+2,
1494.140600,2.10000000E+2,
1503.906300,2.21000000E+2,
1513.671900,1.89000000E+2,
1523.437500,2.01000000E+2,
1533.203100,2.10000000E+2,
1542.968800,2.09000000E+2,
1552.734400,1.87000000E+2,
1562.5000,1.79000000E+2,
1572.265600,1.90000000E+2,
1582.031300,1.95000000E+2,
1591.796900,2.02000000E+2,
1601.562500,1.99000000E+2,
1611.328100,2.11000000E+2,
1621.093800,2.09000000E+2,
1630.859400,1.89000000E+2,
1640.625000,1.72000000E+2,
1650.390600,1.99000000E+2,
1660.156300,2.04000000E+2,
1669.921900,1.71000000E+2,
1679.687500,1.81000000E+2,
1689.453100,1.58000000E+2,
1699.218800,1.93000000E+2,
1708.984400,1.76000000E+2,
1718.75000,1.82000000E+2,
1728.515600,1.95000000E+2,
1738.281300,1.96000000E+2,
1748.046900,1.71000000E+2,
1757.812500,2.05000000E+2,
1767.578100,1.55000000E+2,
1777.343800,1.75000000E+2,
1787.109400,2.01000000E+2,
1796.875000,1.64000000E+2,
1806.640600,1.72000000E+2,
1816.406300,1.94000000E+2,
1826.171900,1.51000000E+2,
1835.937500,1.92000000E+2,
1845.703100,1.72000000E+2,
1855.468800,1.85000000E+2,
1865.234400,1.79000000E+2,
1875.000,1.93000000E+2,
1884.765600,1.84000000E+2,
1894.531300,1.74000000E+2,
1904.296900,1.89000000E+2,
1914.062500,1.59000000E+2,
1923.828100,2.02000000E+2,
1933.593800,1.84000000E+2,
1943.359400,1.66000000E+2,
1953.125000,1.83000000E+2,
1962.890600,1.58000000E+2,
1972.656300,1.74000000E+2,
1982.421900,1.43000000E+2,
1992.187500,1.71000000E+2,
2001.953100,1.68000000E+2,
2011.718800,1.72000000E+2,
2021.484400,1.62000000E+2,
2031.25000,1.66000000E+2,
2041.015600,1.61000000E+2,
2050.781300,1.70000000E+2,
2060.546900,1.53000000E+2,
2070.312500,1.63000000E+2,
2080.078100,1.50000000E+2,
2089.843800,1.58000000E+2,
2099.609400,1.48000000E+2,
2109.375000,1.65000000E+2,
2119.140600,1.62000000E+2,
2128.906300,1.61000000E+2,
2138.671900,1.78000000E+2,
2148.437500,1.50000000E+2,
2158.203100,1.72000000E+2,
2167.968800,1.63000000E+2,
2177.734400,1.78000000E+2,
2187.5000,1.60000000E+2,
2197.265600,1.73000000E+2,
2207.031300,1.55000000E+2,
2216.796900,1.48000000E+2,
2226.562500,1.56000000E+2,
2236.328100,1.55000000E+2,
2246.093800,1.58000000E+2,
2255.859400,1.60000000E+2,
2265.625000,1.81000000E+2,
2275.390600,1.57000000E+2,
2285.156300,1.62000000E+2,
2294.921900,1.61000000E+2,
2304.687500,1.39000000E+2,
2314.453100,1.36000000E+2,
2324.218800,1.50000000E+2,
2333.984400,1.51000000E+2,
2343.75000,1.65000000E+2,
2353.515600,1.67000000E+2,
2363.281300,1.59000000E+2,
2373.046900,1.53000000E+2,
2382.812500,1.73000000E+2,
2392.578100,1.38000000E+2,
2402.343800,1.56000000E+2,
2412.109400,1.56000000E+2,
2421.875000,1.48000000E+2,
2431.640600,1.37000000E+2,
2441.406300,1.32000000E+2,
2451.171900,1.31000000E+2,
2460.937500,1.55000000E+2,
2470.703100,1.69000000E+2,
2480.468800,1.47000000E+2,
2490.234400,1.55000000E+2,
2500.00,1.48000000E+2,
2509.765600,1.24000000E+2,
2519.531300,1.48000000E+2,
2529.296900,1.21000000E+2,
2539.062500,1.54000000E+2,
2548.828100,1.45000000E+2,
2558.593800,1.27000000E+2,
2568.359400,1.43000000E+2,
2578.125000,1.25000000E+2,
2587.890600,1.61000000E+2,
2597.656300,1.43000000E+2,
2607.421900,1.27000000E+2,
2617.187500,1.08000000E+2,
2626.953100,1.31000000E+2,
2636.718800,1.10000000E+2,
2646.484400,1.37000000E+2,
2656.25000,1.11000000E+2,
2666.015600,1.38000000E+2,
2675.781300,1.61000000E+2,
2685.546900,1.14000000E+2,
2695.312500,1.43000000E+2,
2705.078100,1.38000000E+2,
2714.843800,1.32000000E+2,
2724.609400,1.40000000E+2,
2734.375000,1.18000000E+2,
2744.140600,1.39000000E+2,
2753.906300,1.57000000E+2,
2763.671900,1.45000000E+2,
2773.437500,1.24000000E+2,
2783.203100,1.20000000E+2,
2792.968800,1.19000000E+2,
2802.734400,1.15000000E+2,
2812.5000,1.51000000E+2,
2822.265600,1.24000000E+2,
2832.031300,1.31000000E+2,
2841.796900,1.28000000E+2,
2851.562500,1.26000000E+2,
2861.328100,1.03000000E+2,
2871.093800,1.23000000E+2,
2880.859400,1.17000000E+2,
2890.625000,1.10000000E+2,
2900.390600,1.22000000E+2,
2910.156300,1.30000000E+2,
2919.921900,1.22000000E+2,
2929.687500,1.23000000E+2,
2939.453100,1.17000000E+2,
2949.218800,1.35000000E+2,
2958.984400,1.31000000E+2,
2968.75000,1.30000000E+2,
2978.515600,1.43000000E+2,
2988.281300,1.33000000E+2,
2998.046900,1.30000000E+2,
3007.812500,1.32000000E+2,
3017.578100,1.15000000E+2,
3027.343800,1.41000000E+2,
3037.109400,1.21000000E+2,
3046.875000,1.31000000E+2,
3056.640600,1.12000000E+2,
3066.406300,1.19000000E+2,
3076.171900,1.15000000E+2,
3085.937500,1.06000000E+2,
3095.703100,1.15000000E+2,
3105.468800,1.21000000E+2,
3115.234400,1.20000000E+2,
3125.000,1.27000000E+2,
3134.765600,1.06000000E+2,
3144.531300,1.22000000E+2,
3154.296900,1.30000000E+2,
3164.062500,1.29000000E+2,
3173.828100,1.18000000E+2,
3183.593800,1.33000000E+2,
3193.359400,1.03000000E+2,
3203.125000,1.01000000E+2,
3212.890600,1.18000000E+2,
3222.656300,1.21000000E+2,
3232.421900,1.19000000E+2,
3242.187500,1.01000000E+2,
3251.953100,1.30000000E+2,
3261.718800,1.16000000E+2,
3271.484400,1.10000000E+2,
3281.25000,1.27000000E+2,
3291.015600,1.12000000E+2,
3300.781300,1.17000000E+2,
3310.546900,1.11000000E+2,
3320.312500,1.01000000E+2,
3330.078100,1.00000000E+2,
3339.843800,1.11000000E+2,
3349.609400,1.15000000E+2,
3359.375000,1.18000000E+2,
3369.140600,1.15000000E+2,
3378.906300,1.05000000E+2,
3388.671900,1.15000000E+2,
3398.437500,8.50000000E+1,
3408.203100,1.05000000E+2,
3417.968800,8.90000000E+1,
3427.734400,8.60000000E+1,
3437.5000,9.50000000E+1,
3447.265600,1.11000000E+2,
3457.031300,1.07000000E+2,
3466.796900,8.90000000E+1,
3476.562500,9.30000000E+1,
3486.328100,1.12000000E+2,
3496.093800,1.26000000E+2,
3505.859400,1.16000000E+2,
3515.625000,1.20000000E+2,
3525.390600,9.80000000E+1,
3535.156300,1.09000000E+2,
3544.921900,1.03000000E+2,
3554.687500,1.02000000E+2,
3564.453100,9.60000000E+1,
3574.218800,1.08000000E+2,
3583.984400,1.04000000E+2,
3593.75000,1.04000000E+2,
3603.515600,1.00000000E+2,
3613.281300,1.08000000E+2,
3623.046900,7.70000000E+1,
3632.812500,1.11000000E+2,
3642.578100,1.07000000E+2,
3652.343800,9.70000000E+1,
3662.109400,1.32000000E+2,
3671.875000,1.22000000E+2,
3681.640600,1.11000000E+2,
3691.406300,9.70000000E+1,
3701.171900,7.70000000E+1,
3710.937500,9.20000000E+1,
3720.703100,1.03000000E+2,
3730.468800,9.60000000E+1,
3740.234400,1.01000000E+2,
3750.00,1.02000000E+2,
3759.765600,9.90000000E+1,
3769.531300,1.02000000E+2,
3779.296900,1.02000000E+2,
3789.062500,1.28000000E+2,
3798.828100,1.07000000E+2,
3808.593800,8.90000000E+1,
3818.359400,9.30000000E+1,
3828.125000,1.02000000E+2,
3837.890600,9.70000000E+1,
3847.656300,9.50000000E+1,
3857.421900,1.07000000E+2,
3867.187500,1.05000000E+2,
3876.953100,1.01000000E+2,
3886.718800,9.60000000E+1,
3896.484400,9.70000000E+1,
3906.25000,7.60000000E+1,
3916.015600,8.40000000E+1,
3925.781300,9.60000000E+1,
3935.546900,8.20000000E+1,
3945.312500,8.20000000E+1,
3955.078100,9.20000000E+1,
3964.843800,1.10000000E+2,
3974.609400,9.30000000E+1,
3984.375000,1.02000000E+2,
3994.140600,9.80000000E+1,
4003.906300,9.80000000E+1,
4013.671900,8.90000000E+1,
4023.437500,9.30000000E+1,
4033.203100,9.20000000E+1,
4042.968800,8.30000000E+1,
4052.734400,8.40000000E+1,
4062.5000,8.10000000E+1,
4072.265600,8.60000000E+1,
4082.031300,1.02000000E+2,
4091.796900,7.30000000E+1,
4101.562500,1.09000000E+2,
4111.328100,7.80000000E+1,
4121.093800,8.10000000E+1,
4130.859400,8.80000000E+1,
4140.625000,7.30000000E+1,
4150.390600,9.10000000E+1,
4160.156300,7.40000000E+1,
4169.921900,6.90000000E+1,
4179.687500,9.30000000E+1,
4189.453100,8.10000000E+1,
4199.218800,9.00000000E+1,
4208.984400,8.30000000E+1,
4218.75000,7.90000000E+1,
4228.515600,7.80000000E+1,
4238.281300,8.20000000E+1,
4248.046900,8.60000000E+1,
4257.812500,8.50000000E+1,
4267.578100,8.30000000E+1,
4277.343800,6.70000000E+1,
4287.109400,9.70000000E+1,
4296.875000,8.20000000E+1,
4306.640600,9.60000000E+1,
4316.406300,7.90000000E+1,
4326.171900,8.40000000E+1,
4335.937500,8.80000000E+1,
4345.703100,7.90000000E+1,
4355.468800,1.01000000E+2,
4365.234400,7.50000000E+1,
4375.000,7.20000000E+1,
4384.765600,9.20000000E+1,
4394.531300,8.70000000E+1,
4404.296900,8.00000000E+1,
4414.062500,8.40000000E+1,
4423.828100,7.40000000E+1,
4433.593800,6.90000000E+1,
4443.359400,7.50000000E+1,
4453.125000,8.40000000E+1,
4462.890600,7.60000000E+1,
4472.656300,8.40000000E+1,
4482.421900,8.60000000E+1,
4492.187500,7.80000000E+1,
4501.953100,9.60000000E+1,
4511.718800,6.40000000E+1,
4521.484400,8.10000000E+1,
4531.25000,8.10000000E+1,
4541.015600,5.90000000E+1,
4550.781300,8.40000000E+1,
4560.546900,9.50000000E+1,
4570.312500,8.60000000E+1,
4580.078100,7.60000000E+1,
4589.843800,8.80000000E+1,
4599.609400,7.00000000E+1,
4609.375000,8.10000000E+1,
4619.140600,6.70000000E+1,
4628.906300,1.03000000E+2,
4638.671900,6.90000000E+1,
4648.437500,7.30000000E+1,
4658.203100,8.40000000E+1,
4667.968800,7.20000000E+1,
4677.734400,8.40000000E+1,
4687.5000,8.70000000E+1,
4697.265600,7.30000000E+1,
4707.031300,8.10000000E+1,
4716.796900,6.60000000E+1,
4726.562500,6.80000000E+1,
4736.328100,6.70000000E+1,
4746.093800,9.10000000E+1,
4755.859400,8.30000000E+1,
4765.625000,7.40000000E+1,
4775.390600,7.70000000E+1,
4785.156300,6.90000000E+1,
4794.921900,7.40000000E+1,
4804.687500,8.80000000E+1,
4814.453100,6.70000000E+1,
4824.218800,9.00000000E+1,
4833.984400,7.50000000E+1,
4843.75000,7.20000000E+1,
4853.515600,7.60000000E+1,
4863.281300,8.40000000E+1,
4873.046900,7.90000000E+1,
4882.812500,8.80000000E+1,
4892.578100,7.10000000E+1,
4902.343800,7.50000000E+1,
4912.109400,7.60000000E+1,
4921.875000,6.80000000E+1,
4931.640600,7.50000000E+1,
4941.406300,7.80000000E+1,
4951.171900,7.20000000E+1,
4960.937500,5.40000000E+1,
4970.703100,9.10000000E+1,
4980.468800,7.20000000E+1,
4990.234400,7.20000000E+1,
5000.00,5.40000000E+1,
5009.765600,8.30000000E+1,
5019.531300,8.10000000E+1,
5029.296900,6.60000000E+1,
5039.062500,6.00000000E+1,
5048.828100,5.60000000E+1,
5058.593800,6.20000000E+1,
5068.359400,7.80000000E+1,
5078.125000,7.40000000E+1,
5087.890600,7.20000000E+1,
5097.656300,5.60000000E+1,
5107.421900,6.80000000E+1,
5117.187500,8.10000000E+1,
5126.953100,7.10000000E+1,
5136.718800,7.70000000E+1,
5146.484400,6.30000000E+1,
5156.25000,5.60000000E+1,
5166.015600,6.60000000E+1,
5175.781300,5.90000000E+1,
5185.546900,5.80000000E+1,
5195.312500,6.30000000E+1,
5205.078100,6.50000000E+1,
5214.843800,7.20000000E+1,
5224.609400,6.30000000E+1,
5234.375000,7.20000000E+1,
5244.140600,6.90000000E+1,
5253.906300,6.10000000E+1,
5263.671900,6.40000000E+1,
5273.437500,7.20000000E+1,
5283.203100,7.30000000E+1,
5292.968800,6.20000000E+1,
5302.734400,6.40000000E+1,
5312.5000,5.30000000E+1,
5322.265600,6.10000000E+1,
5332.031300,6.20000000E+1,
5341.796900,6.30000000E+1,
5351.562500,7.20000000E+1,
5361.328100,7.50000000E+1,
5371.093800,6.00000000E+1,
5380.859400,6.10000000E+1,
5390.625000,5.30000000E+1,
5400.390600,6.60000000E+1,
5410.156300,8.90000000E+1,
5419.921900,5.60000000E+1,
5429.687500,6.70000000E+1,
5439.453100,6.60000000E+1,
5449.218800,6.00000000E+1,
5458.984400,6.10000000E+1,
5468.75000,5.40000000E+1,
5478.515600,5.30000000E+1,
5488.281300,5.50000000E+1,
5498.046900,5.60000000E+1,
5507.812500,6.20000000E+1,
5517.578100,5.30000000E+1,
5527.343800,6.50000000E+1,
5537.109400,5.80000000E+1,
5546.875000,5.70000000E+1,
5556.640600,5.60000000E+1,
5566.406300,7.30000000E+1,
5576.171900,6.20000000E+1,
5585.937500,7.20000000E+1,
5595.703100,6.30000000E+1,
5605.468800,6.70000000E+1,
5615.234400,6.10000000E+1,
5625.000,5.90000000E+1,
5634.765600,5.30000000E+1,
5644.531300,5.60000000E+1,
5654.296900,5.30000000E+1,
5664.062500,5.40000000E+1,
5673.828100,6.30000000E+1,
5683.593800,6.00000000E+1,
5693.359400,6.20000000E+1,
5703.125000,5.20000000E+1,
5712.890600,4.70000000E+1,
5722.656300,4.90000000E+1,
5732.421900,5.30000000E+1,
5742.187500,5.90000000E+1,
5751.953100,6.40000000E+1,
5761.718800,5.00000000E+1,
5771.484400,4.40000000E+1,
5781.25000,5.60000000E+1,
5791.015600,5.60000000E+1,
5800.781300,6.80000000E+1,
5810.546900,4.90000000E+1,
5820.312500,5.50000000E+1,
5830.078100,6.80000000E+1,
5839.843800,4.60000000E+1,
5849.609400,3.80000000E+1,
5859.375000,6.70000000E+1,
5869.140600,5.00000000E+1,
5878.906300,5.50000000E+1,
5888.671900,6.50000000E+1,
5898.437500,5.90000000E+1,
5908.203100,6.70000000E+1,
5917.968800,5.60000000E+1,
5927.734400,6.50000000E+1,
5937.5000,5.00000000E+1,
5947.265600,5.40000000E+1,
5957.031300,6.10000000E+1,
5966.796900,6.20000000E+1,
5976.562500,4.60000000E+1,
5986.328100,7.00000000E+1,
5996.093800,6.00000000E+1,
6005.859400,6.20000000E+1,
6015.625000,4.40000000E+1,
6025.390600,4.60000000E+1,
6035.156300,4.80000000E+1,
6044.921900,6.40000000E+1,
6054.687500,6.00000000E+1,
6064.453100,5.40000000E+1,
6074.218800,4.30000000E+1,
6083.984400,6.10000000E+1,
6093.75000,4.70000000E+1,
6103.515600,4.50000000E+1,
6113.281300,5.60000000E+1,
6123.046900,4.50000000E+1,
6132.812500,6.20000000E+1,
6142.578100,5.20000000E+1,
6152.343800,5.10000000E+1,
6162.109400,4.90000000E+1,
6171.875000,5.10000000E+1,
6181.640600,4.00000000E+1,
6191.406300,6.00000000E+1,
6201.171900,5.90000000E+1,
6210.937500,5.00000000E+1,
6220.703100,5.20000000E+1,
6230.468800,4.50000000E+1,
6240.234400,4.80000000E+1,
6250.00,5.10000000E+1,
6259.765600,5.90000000E+1,
6269.531300,4.40000000E+1,
6279.296900,4.90000000E+1,
6289.062500,3.90000000E+1,
6298.828100,5.60000000E+1,
6308.593800,4.80000000E+1,
6318.359400,4.00000000E+1,
6328.125000,5.90000000E+1,
6337.890600,5.00000000E+1,
6347.656300,5.60000000E+1,
6357.421900,3.90000000E+1,
6367.187500,4.60000000E+1,
6376.953100,6.50000000E+1,
6386.718800,5.00000000E+1,
6396.484400,5.10000000E+1,
6406.25000,4.90000000E+1,
6416.015600,6.10000000E+1,
6425.781300,5.00000000E+1,
6435.546900,4.20000000E+1,
6445.312500,4.80000000E+1,
6455.078100,5.00000000E+1,
6464.843800,5.20000000E+1,
6474.609400,4.30000000E+1,
6484.375000,5.40000000E+1,
6494.140600,4.50000000E+1,
6503.906300,4.60000000E+1,
6513.671900,5.60000000E+1,
6523.437500,4.30000000E+1,
6533.203100,4.70000000E+1,
6542.968800,4.00000000E+1,
6552.734400,3.80000000E+1,
6562.5000,5.50000000E+1,
6572.265600,4.20000000E+1,
6582.031300,4.10000000E+1,
6591.796900,4.80000000E+1,
6601.562500,4.80000000E+1,
6611.328100,4.50000000E+1,
6621.093800,4.20000000E+1,
6630.859400,4.40000000E+1,
6640.625000,5.50000000E+1,
6650.390600,2.80000000E+1,
6660.156300,4.20000000E+1,
6669.921900,4.90000000E+1,
6679.687500,4.80000000E+1,
6689.453100,4.30000000E+1,
6699.218800,4.80000000E+1,
6708.984400,2.70000000E+1,
6718.75000,4.50000000E+1,
6728.515600,3.90000000E+1,
6738.281300,3.40000000E+1,
6748.046900,5.40000000E+1,
6757.812500,3.30000000E+1,
6767.578100,4.70000000E+1,
6777.343800,5.70000000E+1,
6787.109400,4.20000000E+1,
6796.875000,3.60000000E+1,
6806.640600,3.90000000E+1,
6816.406300,5.20000000E+1,
6826.171900,4.30000000E+1,
6835.937500,5.10000000E+1,
6845.703100,4.10000000E+1,
6855.468800,3.80000000E+1,
6865.234400,4.80000000E+1,
6875.000,3.80000000E+1,
6884.765600,4.60000000E+1,
6894.531300,4.60000000E+1,
6904.296900,4.60000000E+1,
6914.062500,4.50000000E+1,
6923.828100,3.60000000E+1,
6933.593800,4.10000000E+1,
6943.359400,4.00000000E+1,
6953.125000,5.50000000E+1,
6962.890600,3.50000000E+1,
6972.656300,3.40000000E+1,
6982.421900,3.40000000E+1,
6992.187500,4.20000000E+1,
7001.953100,3.60000000E+1,
7011.718800,4.40000000E+1,
7021.484400,4.50000000E+1,
7031.25000,4.00000000E+1,
7041.015600,4.90000000E+1,
7050.781300,3.70000000E+1,
7060.546900,4.40000000E+1,
7070.312500,4.20000000E+1,
7080.078100,4.60000000E+1,
7089.843800,4.00000000E+1,
7099.609400,2.70000000E+1,
7109.375000,4.70000000E+1,
7119.140600,4.30000000E+1,
7128.906300,3.40000000E+1,
7138.671900,4.20000000E+1,
7148.437500,4.00000000E+1,
7158.203100,4.20000000E+1,
7167.968800,4.40000000E+1,
7177.734400,3.10000000E+1,
7187.5000,4.20000000E+1,
7197.265600,3.60000000E+1,
7207.031300,3.70000000E+1,
7216.796900,4.00000000E+1,
7226.562500,5.00000000E+1,
7236.328100,3.10000000E+1,
7246.093800,4.30000000E+1,
7255.859400,3.70000000E+1,
7265.625000,3.90000000E+1,
7275.390600,3.90000000E+1,
7285.156300,3.80000000E+1,
7294.921900,3.00000000E+1,
7304.687500,3.20000000E+1,
7314.453100,4.10000000E+1,
7324.218800,3.60000000E+1,
7333.984400,3.60000000E+1,
7343.75000,5.10000000E+1,
7353.515600,4.00000000E+1,
7363.281300,3.90000000E+1,
7373.046900,4.40000000E+1,
7382.812500,5.20000000E+1,
7392.578100,3.70000000E+1,
7402.343800,4.50000000E+1,
7412.109400,4.50000000E+1,
7421.875000,3.20000000E+1,
7431.640600,4.30000000E+1,
7441.406300,4.60000000E+1,
7451.171900,2.90000000E+1,
7460.937500,5.00000000E+1,
7470.703100,4.60000000E+1,
7480.468800,2.70000000E+1,
7490.234400,3.80000000E+1,
7500.00,3.10000000E+1,
7509.765600,4.90000000E+1,
7519.531300,3.50000000E+1,
7529.296900,3.00000000E+1,
7539.062500,4.00000000E+1,
7548.828100,2.40000000E+1,
7558.593800,3.50000000E+1,
7568.359400,3.60000000E+1,
7578.125000,4.10000000E+1,
7587.890600,4.20000000E+1,
7597.656300,4.00000000E+1,
7607.421900,4.50000000E+1,
7617.187500,4.00000000E+1,
7626.953100,2.40000000E+1,
7636.718800,3.60000000E+1,
7646.484400,4.40000000E+1,
7656.25000,4.00000000E+1,
7666.015600,5.20000000E+1,
7675.781300,4.30000000E+1,
7685.546900,4.00000000E+1,
7695.312500,4.00000000E+1,
7705.078100,3.80000000E+1,
7714.843800,2.60000000E+1,
7724.609400,3.60000000E+1,
7734.375000,3.20000000E+1,
7744.140600,3.00000000E+1,
7753.906300,1.90000000E+1,
7763.671900,3.90000000E+1,
7773.437500,4.10000000E+1,
7783.203100,2.50000000E+1,
7792.968800,3.70000000E+1,
7802.734400,4.70000000E+1,
7812.5000,2.30000000E+1,
7822.265600,3.60000000E+1,
7832.031300,3.30000000E+1,
7841.796900,3.50000000E+1,
7851.562500,3.20000000E+1,
7861.328100,3.10000000E+1,
7871.093800,4.10000000E+1,
7880.859400,2.60000000E+1,
7890.625000,3.60000000E+1,
7900.390600,3.30000000E+1,
7910.156300,3.90000000E+1,
7919.921900,4.50000000E+1,
7929.687500,2.70000000E+1,
7939.453100,3.10000000E+1,
7949.218800,4.40000000E+1,
7958.984400,3.10000000E+1,
7968.75000,3.10000000E+1,
7978.515600,3.70000000E+1,
7988.281300,2.90000000E+1,
7998.046900,3.00000000E+1,
8007.812500,2.40000000E+1,
8017.578100,2.80000000E+1,
8027.343800,3.20000000E+1,
8037.109400,3.60000000E+1,
8046.875000,3.20000000E+1,
8056.640600,3.20000000E+1,
8066.406300,3.50000000E+1,
8076.171900,4.80000000E+1,
8085.937500,4.40000000E+1,
8095.703100,3.10000000E+1,
8105.468800,2.60000000E+1,
8115.234400,3.00000000E+1,
8125.000,3.10000000E+1,
8134.765600,4.10000000E+1,
8144.531300,3.30000000E+1,
8154.296900,4.50000000E+1,
8164.062500,3.40000000E+1,
8173.828100,2.90000000E+1,
8183.593800,3.70000000E+1,
8193.359400,2.40000000E+1,
8203.125000,4.20000000E+1,
8212.890600,3.00000000E+1,
8222.656300,4.00000000E+1,
8232.421900,3.00000000E+1,
8242.187500,3.60000000E+1,
8251.953100,3.60000000E+1,
8261.718800,4.20000000E+1,
8271.484400,4.00000000E+1,
8281.25000,3.00000000E+1,
8291.015600,4.50000000E+1,
8300.781300,2.40000000E+1,
8310.546900,3.30000000E+1,
8320.312500,3.60000000E+1,
8330.078100,3.00000000E+1,
8339.843800,3.90000000E+1,
8349.609400,3.30000000E+1,
8359.375000,3.30000000E+1,
8369.140600,3.70000000E+1,
8378.906300,3.30000000E+1,
8388.671900,2.80000000E+1,
8398.437500,2.40000000E+1,
8408.203100,4.40000000E+1,
8417.968800,2.50000000E+1,
8427.734400,2.80000000E+1,
8437.5000,3.10000000E+1,
8447.265600,2.40000000E+1,
8457.031300,3.20000000E+1,
8466.796900,2.90000000E+1,
8476.562500,3.60000000E+1,
8486.328100,3.60000000E+1,
8496.093800,3.10000000E+1,
8505.859400,2.80000000E+1,
8515.625000,2.10000000E+1,
8525.390600,3.80000000E+1,
8535.156300,3.70000000E+1,
8544.921900,2.90000000E+1,
8554.687500,3.20000000E+1,
8564.453100,2.60000000E+1,
8574.218800,3.40000000E+1,
8583.984400,4.00000000E+1,
8593.75000,2.70000000E+1,
8603.515600,3.40000000E+1,
8613.281300,3.00000000E+1,
8623.046900,2.70000000E+1,
8632.812500,2.70000000E+1,
8642.578100,2.60000000E+1,
8652.343800,2.60000000E+1,
8662.109400,3.20000000E+1,
8671.875000,3.10000000E+1,
8681.640600,2.90000000E+1,
8691.406300,2.70000000E+1,
8701.171900,3.40000000E+1,
8710.937500,3.20000000E+1,
8720.703100,2.70000000E+1,
8730.468800,2.20000000E+1,
8740.234400,1.60000000E+1,
8750.00,2.60000000E+1,
8759.765600,2.90000000E+1,
8769.531300,3.10000000E+1,
8779.296900,3.50000000E+1,
8789.062500,3.00000000E+1,
8798.828100,2.30000000E+1,
8808.593800,2.70000000E+1,
8818.359400,3.00000000E+1,
8828.125000,2.70000000E+1,
8837.890600,2.30000000E+1,
8847.656300,3.20000000E+1,
8857.421900,2.40000000E+1,
8867.187500,2.60000000E+1,
8876.953100,2.50000000E+1,
8886.718800,2.50000000E+1,
8896.484400,3.10000000E+1,
8906.25000,2.40000000E+1,
8916.015600,2.70000000E+1,
8925.781300,2.50000000E+1,
8935.546900,3.10000000E+1,
8945.312500,2.60000000E+1,
8955.078100,2.40000000E+1,
8964.843800,2.90000000E+1,
8974.609400,4.00000000E+1,
8984.375000,3.20000000E+1,
8994.140600,3.30000000E+1,
9003.906300,2.70000000E+1,
9013.671900,3.40000000E+1,
9023.437500,3.60000000E+1,
9033.203100,2.40000000E+1,
9042.968800,2.90000000E+1,
9052.734400,2.40000000E+1,
9062.5000,3.00000000E+1,
9072.265600,3.50000000E+1,
9082.031300,2.20000000E+1,
9091.796900,3.30000000E+1,
9101.562500,2.90000000E+1,
9111.328100,2.80000000E+1,
9121.093800,2.40000000E+1,
9130.859400,3.20000000E+1,
9140.625000,3.00000000E+1,
9150.390600,2.50000000E+1,
9160.156300,2.00000000E+1,
9169.921900,2.60000000E+1,
9179.687500,2.30000000E+1,
9189.453100,2.10000000E+1,
9199.218800,2.70000000E+1,
9208.984400,3.20000000E+1,
9218.75000,3.40000000E+1,
9228.515600,1.30000000E+1,
9238.281300,2.60000000E+1,
9248.046900,2.50000000E+1,
9257.812500,2.80000000E+1,
9267.578100,2.30000000E+1,
9277.343800,3.30000000E+1,
9287.109400,2.90000000E+1,
9296.875000,2.20000000E+1,
9306.640600,2.80000000E+1,
9316.406300,1.80000000E+1,
9326.171900,2.30000000E+1,
9335.937500,2.20000000E+1,
9345.703100,2.40000000E+1,
9355.468800,1.80000000E+1,
9365.234400,2.00000000E+1,
9375.000,2.60000000E+1,
9384.765600,2.00000000E+1,
9394.531300,3.80000000E+1,
9404.296900,2.70000000E+1,
9414.062500,2.60000000E+1,
9423.828100,3.20000000E+1,
9433.593800,2.00000000E+1,
9443.359400,2.10000000E+1,
9453.125000,3.10000000E+1,
9462.890600,1.30000000E+1,
9472.656300,3.30000000E+1,
9482.421900,2.10000000E+1,
9492.187500,2.10000000E+1,
9501.953100,2.70000000E+1,
9511.718800,3.00000000E+1,
9521.484400,2.40000000E+1,
9531.25000,2.30000000E+1,
9541.015600,2.20000000E+1,
9550.781300,2.80000000E+1,
9560.546900,2.90000000E+1,
9570.312500,2.50000000E+1,
9580.078100,3.00000000E+1,
9589.843800,2.00000000E+1,
9599.609400,1.40000000E+1,
9609.375000,2.60000000E+1,
9619.140600,3.00000000E+1,
9628.906300,1.80000000E+1,
9638.671900,3.10000000E+1,
9648.437500,2.30000000E+1,
9658.203100,1.70000000E+1,
9667.968800,2.50000000E+1,
9677.734400,2.90000000E+1,
9687.5000,1.80000000E+1,
9697.265600,2.20000000E+1,
9707.031300,2.20000000E+1,
9716.796900,1.30000000E+1,
9726.562500,2.70000000E+1,
9736.328100,1.80000000E+1,
9746.093800,2.70000000E+1,
9755.859400,3.10000000E+1,
9765.625000,1.80000000E+1,
9775.390600,2.40000000E+1,
9785.156300,1.30000000E+1,
9794.921900,2.00000000E+1,
9804.687500,2.10000000E+1,
9814.453100,2.10000000E+1,
9824.218800,1.80000000E+1,
9833.984400,2.20000000E+1,
9843.75000,2.20000000E+1,
9853.515600,2.50000000E+1,
9863.281300,1.90000000E+1,
9873.046900,2.70000000E+1,
9882.812500,1.80000000E+1,
9892.578100,2.70000000E+1,
9902.343800,2.20000000E+1,
9912.109400,3.20000000E+1,
9921.875000,2.30000000E+1,
9931.640600,2.00000000E+1,
9941.406300,3.20000000E+1,
9951.171900,2.80000000E+1,
9960.937500,1.90000000E+1,
9970.703100,2.10000000E+1,
9980.468800,3.00000000E+1,
9990.234400,2.10000000E+1,
1E04,2.00000000E+1,
10009.766000,2.30000000E+1,
10019.531000,2.20000000E+1,
10029.30000,2.00000000E+1,
10039.063000,2.50000000E+1,
10048.828000,2.10000000E+1,
10058.594000,2.80000000E+1,
10068.359000,2.50000000E+1,
10078.125000,2.30000000E+1,
10087.891000,2.30000000E+1,
10097.656000,2.20000000E+1,
10107.422000,3.00000000E+1,
10117.188000,2.20000000E+1,
10126.953000,2.10000000E+1,
10136.719000,2.10000000E+1,
10146.484000,2.30000000E+1,
10156.250000,2.50000000E+1,
10166.016000,2.90000000E+1,
10175.781000,1.40000000E+1,
10185.547000,2.60000000E+1,
10195.313000,2.60000000E+1,
10205.078000,1.20000000E+1,
10214.844000,2.10000000E+1,
10224.609000,1.70000000E+1,
10234.375000,2.80000000E+1,
10244.141000,1.80000000E+1,
10253.906000,3.30000000E+1,
10263.672000,2.30000000E+1,
10273.438000,2.00000000E+1,
10283.20000,1.50000000E+1,
10292.969000,2.00000000E+1,
10302.734000,3.10000000E+1,
10312.50000,2.40000000E+1,
10322.266000,1.60000000E+1,
10332.031000,2.30000000E+1,
10341.80000,2.70000000E+1,
10351.563000,2.30000000E+1,
10361.328000,2.20000000E+1,
10371.094000,2.00000000E+1,
10380.859000,1.80000000E+1,
10390.625000,2.30000000E+1,
10400.391000,1.20000000E+1,
10410.156000,1.90000000E+1,
10419.922000,1.50000000E+1,
10429.688000,2.60000000E+1,
10439.453000,2.10000000E+1,
10449.219000,2.70000000E+1,
10458.984000,2.70000000E+1,
10468.750000,2.10000000E+1,
10478.516000,2.10000000E+1,
10488.281000,2.40000000E+1,
10498.047000,3.10000000E+1,
10507.813000,2.70000000E+1,
10517.578000,2.60000000E+1,
10527.344000,2.40000000E+1,
10537.109000,2.60000000E+1,
10546.875000,2.10000000E+1,
10556.641000,2.30000000E+1,
10566.406000,1.70000000E+1,
10576.172000,2.40000000E+1,
10585.938000,2.10000000E+1,
10595.70000,2.10000000E+1,
10605.469000,1.80000000E+1,
10615.234000,1.80000000E+1,
10625.0000,2.00000000E+1,
10634.766000,1.50000000E+1,
10644.531000,2.80000000E+1,
10654.30000,1.60000000E+1,
10664.063000,1.90000000E+1,
10673.828000,1.80000000E+1,
10683.594000,2.30000000E+1,
10693.359000,2.40000000E+1,
10703.125000,1.90000000E+1,
10712.891000,1.80000000E+1,
10722.656000,1.90000000E+1,
10732.422000,2.10000000E+1,
10742.188000,1.00000000E+1,
10751.953000,1.50000000E+1,
10761.719000,1.50000000E+1,
10771.484000,1.90000000E+1,
10781.250000,2.20000000E+1,
10791.016000,2.40000000E+1,
10800.781000,2.10000000E+1,
10810.547000,1.60000000E+1,
10820.313000,2.20000000E+1,
10830.078000,2.30000000E+1,
10839.844000,2.40000000E+1,
10849.609000,2.40000000E+1,
10859.375000,2.60000000E+1,
10869.141000,2.00000000E+1,
10878.906000,1.80000000E+1,
10888.672000,1.80000000E+1,
10898.438000,1.60000000E+1,
10908.20000,1.80000000E+1,
10917.969000,1.70000000E+1,
10927.734000,2.10000000E+1,
10937.50000,1.90000000E+1,
10947.266000,2.00000000E+1,
10957.031000,2.10000000E+1,
10966.80000,1.80000000E+1,
10976.563000,1.60000000E+1,
10986.328000,1.90000000E+1,
10996.094000,1.50000000E+1,
11005.859000,1.50000000E+1,
11015.625000,1.50000000E+1,
11025.391000,1.80000000E+1,
11035.156000,1.90000000E+1,
11044.922000,1.70000000E+1,
11054.688000,1.20000000E+1,
11064.453000,1.70000000E+1,
11074.219000,1.50000000E+1,
11083.984000,1.50000000E+1,
11093.750000,2.00000000E+1,
11103.516000,2.30000000E+1,
11113.281000,2.00000000E+1,
11123.047000,1.50000000E+1,
11132.813000,2.30000000E+1,
11142.578000,1.40000000E+1,
11152.344000,2.30000000E+1,
11162.109000,2.40000000E+1,
11171.875000,1.80000000E+1,
11181.641000,2.50000000E+1,
11191.406000,1.70000000E+1,
11201.172000,1.70000000E+1,
11210.938000,2.30000000E+1,
11220.70000,1.50000000E+1,
11230.469000,1.60000000E+1,
11240.234000,1.40000000E+1,
11250.000,1.40000000E+1,
11259.766000,1.60000000E+1,
11269.531000,2.70000000E+1,
11279.30000,1.10000000E+1,
11289.063000,2.50000000E+1,
11298.828000,1.80000000E+1,
11308.594000,1.80000000E+1,
11318.359000,9.00000000E+0,
11328.125000,1.80000000E+1,
11337.891000,2.00000000E+1,
11347.656000,1.20000000E+1,
11357.422000,1.70000000E+1,
11367.188000,1.60000000E+1,
11376.953000,1.60000000E+1,
11386.719000,2.00000000E+1,
11396.484000,1.40000000E+1,
11406.250000,1.60000000E+1,
11416.016000,2.00000000E+1,
11425.781000,1.60000000E+1,
11435.547000,1.90000000E+1,
11445.313000,2.50000000E+1,
11455.078000,2.00000000E+1,
11464.844000,1.50000000E+1,
11474.609000,1.50000000E+1,
11484.375000,2.10000000E+1,
11494.141000,1.40000000E+1,
11503.906000,1.50000000E+1,
11513.672000,1.60000000E+1,
11523.438000,1.30000000E+1,
11533.20000,1.10000000E+1,
11542.969000,1.50000000E+1,
11552.734000,1.70000000E+1,
11562.50000,1.60000000E+1,
11572.266000,1.20000000E+1,
11582.031000,2.10000000E+1,
11591.80000,2.20000000E+1,
11601.563000,1.40000000E+1,
11611.328000,2.30000000E+1,
11621.094000,1.90000000E+1,
11630.859000,1.20000000E+1,
11640.625000,2.00000000E+1,
11650.391000,1.10000000E+1,
11660.156000,1.90000000E+1,
11669.922000,2.30000000E+1,
11679.688000,2.00000000E+1,
11689.453000,1.40000000E+1,
11699.219000,2.00000000E+1,
11708.984000,1.70000000E+1,
11718.750000,1.30000000E+1,
11728.516000,1.00000000E+1,
11738.281000,1.60000000E+1,
11748.047000,1.30000000E+1,
11757.813000,2.20000000E+1,
11767.578000,2.00000000E+1,
11777.344000,1.30000000E+1,
11787.109000,1.60000000E+1,
11796.875000,1.10000000E+1,
11806.641000,1.70000000E+1,
11816.406000,1.80000000E+1,
11826.172000,1.30000000E+1,
11835.938000,1.40000000E+1,
11845.70000,1.10000000E+1,
11855.469000,1.50000000E+1,
11865.234000,1.40000000E+1,
11875.0000,1.60000000E+1,
11884.766000,1.20000000E+1,
11894.531000,1.60000000E+1,
11904.30000,1.60000000E+1,
11914.063000,1.90000000E+1,
11923.828000,1.20000000E+1,
11933.594000,2.80000000E+1,
11943.359000,1.70000000E+1,
11953.125000,1.80000000E+1,
11962.891000,1.80000000E+1,
11972.656000,9.00000000E+0,
11982.422000,2.20000000E+1,
11992.188000,2.50000000E+1,
12001.953000,2.00000000E+1,
12011.719000,1.60000000E+1,
12021.484000,1.10000000E+1,
12031.250000,1.20000000E+1,
12041.016000,1.20000000E+1,
12050.781000,1.30000000E+1,
12060.547000,2.00000000E+1,
12070.313000,2.40000000E+1,
12080.078000,1.20000000E+1,
12089.844000,1.70000000E+1,
12099.609000,2.30000000E+1,
12109.375000,1.40000000E+1,
12119.141000,1.00000000E+1,
12128.906000,1.10000000E+1,
12138.672000,1.70000000E+1,
12148.438000,1.40000000E+1,
12158.20000,1.70000000E+1,
12167.969000,1.30000000E+1,
12177.734000,1.50000000E+1,
12187.50000,1.60000000E+1,
12197.266000,1.70000000E+1,
12207.031000,1.70000000E+1,
12216.80000,1.40000000E+1,
12226.563000,1.10000000E+1,
12236.328000,1.70000000E+1,
12246.094000,1.10000000E+1,
12255.859000,1.70000000E+1,
12265.625000,2.10000000E+1,
12275.391000,1.90000000E+1,
12285.156000,1.30000000E+1,
12294.922000,1.40000000E+1,
12304.688000,1.00000000E+1,
12314.453000,1.90000000E+1,
12324.219000,1.90000000E+1,
12333.984000,1.70000000E+1,
12343.750000,1.80000000E+1,
12353.516000,1.70000000E+1,
12363.281000,1.20000000E+1,
12373.047000,1.80000000E+1,
12382.813000,1.70000000E+1,
12392.578000,1.70000000E+1,
12402.344000,1.50000000E+1,
12412.109000,1.40000000E+1,
12421.875000,1.40000000E+1,
12431.641000,1.10000000E+1,
12441.406000,1.40000000E+1,
12451.172000,1.00000000E+1,
12460.938000,1.30000000E+1,
12470.70000,1.80000000E+1,
12480.469000,1.70000000E+1,
12490.234000,1.00000000E+1,
1.25E04,1.10000000E+1,
12509.766000,8.00000000E+0,
12519.531000,1.90000000E+1,
12529.30000,6.00000000E+0,
12539.063000,1.10000000E+1,
12548.828000,1.40000000E+1,
12558.594000,2.00000000E+1,
12568.359000,1.90000000E+1,
12578.125000,1.40000000E+1,
12587.891000,1.70000000E+1,
12597.656000,1.70000000E+1,
12607.422000,1.20000000E+1,
12617.188000,1.80000000E+1,
12626.953000,1.90000000E+1,
12636.719000,1.10000000E+1,
12646.484000,1.30000000E+1,
12656.250000,1.10000000E+1,
12666.016000,1.20000000E+1,
12675.781000,1.20000000E+1,
12685.547000,1.40000000E+1,
12695.313000,1.50000000E+1,
12705.078000,1.20000000E+1,
12714.844000,1.50000000E+1,
12724.609000,1.40000000E+1,
12734.375000,1.50000000E+1,
12744.141000,1.40000000E+1,
12753.906000,1.10000000E+1,
12763.672000,1.50000000E+1,
12773.438000,1.40000000E+1,
12783.20000,1.00000000E+1,
12792.969000,1.20000000E+1,
12802.734000,9.00000000E+0,
12812.50000,1.30000000E+1,
12822.266000,1.50000000E+1,
12832.031000,1.20000000E+1,
12841.80000,1.30000000E+1,
12851.563000,1.30000000E+1,
12861.328000,1.40000000E+1,
12871.094000,1.60000000E+1,
12880.859000,1.40000000E+1,
12890.625000,1.30000000E+1,
12900.391000,1.30000000E+1,
12910.156000,1.10000000E+1,
12919.922000,1.20000000E+1,
12929.688000,1.20000000E+1,
12939.453000,1.70000000E+1,
12949.219000,1.40000000E+1,
12958.984000,1.30000000E+1,
12968.750000,6.00000000E+0,
12978.516000,1.40000000E+1,
12988.281000,1.50000000E+1,
12998.047000,1.00000000E+1,
13007.813000,1.40000000E+1,
13017.578000,7.00000000E+0,
13027.344000,1.10000000E+1,
13037.109000,1.60000000E+1,
13046.875000,1.00000000E+1,
13056.641000,8.00000000E+0,
13066.406000,1.70000000E+1,
13076.172000,1.50000000E+1,
13085.938000,1.00000000E+1,
13095.70000,1.40000000E+1,
13105.469000,1.30000000E+1,
13115.234000,1.20000000E+1,
13125.0000,1.40000000E+1,
13134.766000,1.10000000E+1,
13144.531000,1.20000000E+1,
13154.30000,1.90000000E+1,
13164.063000,1.90000000E+1,
13173.828000,8.00000000E+0,
13183.594000,1.90000000E+1,
13193.359000,2.00000000E+1,
13203.125000,5.00000000E+0,
13212.891000,1.60000000E+1,
13222.656000,1.20000000E+1,
13232.422000,1.00000000E+1,
13242.188000,1.00000000E+1,
13251.953000,1.00000000E+1,
13261.719000,1.30000000E+1,
13271.484000,1.50000000E+1,
13281.250000,1.30000000E+1,
13291.016000,2.00000000E+1,
13300.781000,1.40000000E+1,
13310.547000,1.20000000E+1,
13320.313000,8.00000000E+0,
13330.078000,1.20000000E+1,
13339.844000,5.00000000E+0,
13349.609000,8.00000000E+0,
13359.375000,1.20000000E+1,
13369.141000,1.20000000E+1,
13378.906000,2.20000000E+1,
13388.672000,1.40000000E+1,
13398.438000,9.00000000E+0,
13408.20000,1.20000000E+1,
13417.969000,7.00000000E+0,
13427.734000,1.50000000E+1,
13437.50000,1.00000000E+1,
13447.266000,1.10000000E+1,
13457.031000,1.40000000E+1,
13466.80000,1.30000000E+1,
13476.563000,1.20000000E+1,
13486.328000,1.50000000E+1,
13496.094000,1.20000000E+1,
13505.859000,1.40000000E+1,
13515.625000,1.40000000E+1,
13525.391000,1.70000000E+1,
13535.156000,1.10000000E+1,
13544.922000,1.20000000E+1,
13554.688000,1.20000000E+1,
13564.453000,1.30000000E+1,
13574.219000,6.00000000E+0,
13583.984000,1.30000000E+1,
13593.750000,8.00000000E+0,
13603.516000,1.40000000E+1,
13613.281000,1.20000000E+1,
13623.047000,1.40000000E+1,
13632.813000,1.10000000E+1,
13642.578000,1.10000000E+1,
13652.344000,8.00000000E+0,
13662.109000,1.40000000E+1,
13671.875000,1.60000000E+1,
13681.641000,1.20000000E+1,
13691.406000,9.00000000E+0,
13701.172000,8.00000000E+0,
13710.938000,1.40000000E+1,
13720.70000,1.50000000E+1,
13730.469000,1.70000000E+1,
13740.234000,8.00000000E+0,
13750.000,1.00000000E+1,
13759.766000,1.20000000E+1,
13769.531000,1.50000000E+1,
13779.30000,8.00000000E+0,
13789.063000,1.10000000E+1,
13798.828000,1.20000000E+1,
13808.594000,1.20000000E+1,
13818.359000,1.20000000E+1,
13828.125000,1.90000000E+1,
13837.891000,1.20000000E+1,
13847.656000,1.00000000E+1,
13857.422000,8.00000000E+0,
13867.188000,1.10000000E+1,
13876.953000,1.30000000E+1,
13886.719000,1.30000000E+1,
13896.484000,9.00000000E+0,
13906.250000,1.80000000E+1,
13916.016000,1.50000000E+1,
13925.781000,1.00000000E+1,
13935.547000,1.30000000E+1,
13945.313000,1.00000000E+1,
13955.078000,1.10000000E+1,
13964.844000,1.60000000E+1,
13974.609000,7.00000000E+0,
13984.375000,2.30000000E+1,
13994.141000,1.30000000E+1,
14003.906000,2.00000000E+1,
14013.672000,8.00000000E+0,
14023.438000,1.20000000E+1,
14033.20000,1.30000000E+1,
14042.969000,1.50000000E+1,
14052.734000,1.60000000E+1,
14062.50000,1.10000000E+1,
14072.266000,1.30000000E+1,
14082.031000,1.20000000E+1,
14091.80000,1.50000000E+1,
14101.563000,1.80000000E+1,
14111.328000,1.30000000E+1,
14121.094000,7.00000000E+0,
14130.859000,5.00000000E+0,
14140.625000,1.00000000E+1,
14150.391000,1.20000000E+1,
14160.156000,7.00000000E+0,
14169.922000,1.20000000E+1,
14179.688000,9.00000000E+0,
14189.453000,7.00000000E+0,
14199.219000,1.70000000E+1,
14208.984000,1.50000000E+1,
14218.750000,1.00000000E+1,
14228.516000,1.00000000E+1,
14238.281000,9.00000000E+0,
14248.047000,8.00000000E+0,
14257.813000,1.30000000E+1,
14267.578000,1.30000000E+1,
14277.344000,1.60000000E+1,
14287.109000,1.40000000E+1,
14296.875000,8.00000000E+0,
14306.641000,1.40000000E+1,
14316.406000,1.00000000E+1,
14326.172000,1.70000000E+1,
14335.938000,1.40000000E+1,
14345.70000,1.20000000E+1,
14355.469000,1.10000000E+1,
14365.234000,9.00000000E+0,
14375.0000,1.10000000E+1,
14384.766000,8.00000000E+0,
14394.531000,1.00000000E+1,
14404.30000,9.00000000E+0,
14414.063000,1.00000000E+1,
14423.828000,9.00000000E+0,
14433.594000,1.00000000E+1,
14443.359000,9.00000000E+0,
14453.125000,1.40000000E+1,
14462.891000,1.40000000E+1,
14472.656000,1.50000000E+1,
14482.422000,1.20000000E+1,
14492.188000,1.00000000E+1,
14501.953000,1.00000000E+1,
14511.719000,8.00000000E+0,
14521.484000,6.00000000E+0,
14531.250000,1.10000000E+1,
14541.016000,1.90000000E+1,
14550.781000,1.10000000E+1,
14560.547000,1.00000000E+1,
14570.313000,9.00000000E+0,
14580.078000,1.30000000E+1,
14589.844000,1.60000000E+1,
14599.609000,8.00000000E+0,
14609.375000,1.70000000E+1,
14619.141000,1.10000000E+1,
14628.906000,1.10000000E+1,
14638.672000,1.10000000E+1,
14648.438000,1.30000000E+1,
14658.20000,7.00000000E+0,
14667.969000,1.40000000E+1,
14677.734000,1.40000000E+1,
14687.50000,1.00000000E+1,
14697.266000,8.00000000E+0,
14707.031000,8.00000000E+0,
14716.80000,6.00000000E+0,
14726.563000,1.10000000E+1,
14736.328000,1.00000000E+1,
14746.094000,8.00000000E+0,
14755.859000,1.10000000E+1,
14765.625000,1.10000000E+1,
14775.391000,1.70000000E+1,
14785.156000,1.00000000E+1,
14794.922000,1.50000000E+1,
14804.688000,1.00000000E+1,
14814.453000,1.20000000E+1,
14824.219000,8.00000000E+0,
14833.984000,6.00000000E+0,
14843.750000,9.00000000E+0,
14853.516000,9.00000000E+0,
14863.281000,7.00000000E+0,
14873.047000,1.00000000E+1,
14882.813000,1.10000000E+1,
14892.578000,1.00000000E+1,
14902.344000,1.20000000E+1,
14912.109000,8.00000000E+0,
14921.875000,9.00000000E+0,
14931.641000,1.40000000E+1,
14941.406000,1.00000000E+1,
14951.172000,8.00000000E+0,
14960.938000,1.10000000E+1,
14970.70000,1.20000000E+1,
14980.469000,1.10000000E+1,
14990.234000,1.10000000E+1,
1.5E04,8.00000000E+0,
15009.766000,5.00000000E+0,
15019.531000,1.20000000E+1,
15029.30000,1.50000000E+1,
15039.063000,1.10000000E+1,
15048.828000,7.00000000E+0,
15058.594000,9.00000000E+0,
15068.359000,1.20000000E+1,
15078.125000,1.20000000E+1,
15087.891000,1.40000000E+1,
15097.656000,1.00000000E+1,
15107.422000,1.40000000E+1,
15117.188000,6.00000000E+0,
15126.953000,6.00000000E+0,
15136.719000,9.00000000E+0,
15146.484000,1.60000000E+1,
15156.250000,1.30000000E+1,
15166.016000,1.20000000E+1,
15175.781000,9.00000000E+0,
15185.547000,5.00000000E+0,
15195.313000,8.00000000E+0,
15205.078000,1.10000000E+1,
15214.844000,1.30000000E+1,
15224.609000,1.50000000E+1,
15234.375000,1.00000000E+1,
15244.141000,1.30000000E+1,
15253.906000,4.00000000E+0,
15263.672000,8.00000000E+0,
15273.438000,5.00000000E+0,
15283.20000,1.00000000E+1,
15292.969000,1.80000000E+1,
15302.734000,1.00000000E+1,
15312.50000,8.00000000E+0,
15322.266000,8.00000000E+0,
15332.031000,1.10000000E+1,
15341.80000,6.00000000E+0,
15351.563000,6.00000000E+0,
15361.328000,8.00000000E+0,
15371.094000,9.00000000E+0,
15380.859000,8.00000000E+0,
15390.625000,8.00000000E+0,
15400.391000,1.60000000E+1,
15410.156000,1.00000000E+1,
15419.922000,8.00000000E+0,
15429.688000,1.50000000E+1,
15439.453000,8.00000000E+0,
15449.219000,1.00000000E+1,
15458.984000,1.00000000E+1,
15468.750000,1.00000000E+1,
15478.516000,1.30000000E+1,
15488.281000,8.00000000E+0,
15498.047000,7.00000000E+0,
15507.813000,1.70000000E+1,
15517.578000,7.00000000E+0,
15527.344000,9.00000000E+0,
15537.109000,1.40000000E+1,
15546.875000,1.30000000E+1,
15556.641000,9.00000000E+0,
15566.406000,1.40000000E+1,
15576.172000,1.10000000E+1,
15585.938000,1.40000000E+1,
15595.70000,9.00000000E+0,
15605.469000,9.00000000E+0,
15615.234000,1.30000000E+1,
15625.0000,1.50000000E+1,
15634.766000,7.00000000E+0,
15644.531000,1.40000000E+1,
15654.30000,1.10000000E+1,
15664.063000,9.00000000E+0,
15673.828000,1.20000000E+1,
15683.594000,7.00000000E+0,
15693.359000,1.00000000E+1,
15703.125000,9.00000000E+0,
15712.891000,7.00000000E+0,
15722.656000,4.00000000E+0,
15732.422000,1.00000000E+1,
15742.188000,9.00000000E+0,
15751.953000,7.00000000E+0,
15761.719000,6.00000000E+0,
15771.484000,9.00000000E+0,
15781.250000,1.30000000E+1,
15791.016000,6.00000000E+0,
15800.781000,8.00000000E+0,
15810.547000,7.00000000E+0,
15820.313000,7.00000000E+0,
15830.078000,9.00000000E+0,
15839.844000,3.00000000E+0,
15849.609000,1.00000000E+1,
15859.375000,5.00000000E+0,
15869.141000,6.00000000E+0,
15878.906000,7.00000000E+0,
15888.672000,9.00000000E+0,
15898.438000,5.00000000E+0,
15908.20000,1.00000000E+1,
15917.969000,5.00000000E+0,
15927.734000,1.30000000E+1,
15937.50000,7.00000000E+0,
15947.266000,1.10000000E+1,
15957.031000,1.10000000E+1,
15966.80000,8.00000000E+0,
15976.563000,8.00000000E+0,
15986.328000,8.00000000E+0,
15996.094000,6.00000000E+0,
16005.859000,1.50000000E+1,
16015.625000,8.00000000E+0,
16025.391000,9.00000000E+0,
16035.156000,1.30000000E+1,
16044.922000,1.00000000E+1,
16054.688000,6.00000000E+0,
16064.453000,8.00000000E+0,
16074.219000,9.00000000E+0,
16083.984000,1.10000000E+1,
16093.750000,8.00000000E+0,
16103.516000,1.10000000E+1,
16113.281000,1.00000000E+1,
16123.047000,1.10000000E+1,
16132.813000,1.20000000E+1,
16142.578000,6.00000000E+0,
16152.344000,2.00000000E+0,
16162.109000,7.00000000E+0,
16171.875000,8.00000000E+0,
16181.641000,9.00000000E+0,
16191.406000,1.00000000E+1,
16201.172000,1.30000000E+1,
16210.938000,7.00000000E+0,
16220.70000,7.00000000E+0,
16230.469000,9.00000000E+0,
16240.234000,6.00000000E+0,
16250.000,6.00000000E+0,
16259.766000,8.00000000E+0,
16269.531000,1.10000000E+1,
16279.30000,3.00000000E+0,
16289.063000,8.00000000E+0,
16298.828000,1.10000000E+1,
16308.594000,1.00000000E+1,
16318.359000,8.00000000E+0,
16328.125000,6.00000000E+0,
16337.891000,7.00000000E+0,
16347.656000,6.00000000E+0,
16357.422000,1.20000000E+1,
16367.188000,7.00000000E+0,
16376.953000,9.00000000E+0,
16386.719000,5.00000000E+0,
16396.484000,9.00000000E+0,
16406.250000,9.00000000E+0,
16416.016000,8.00000000E+0,
16425.781000,1.00000000E+1,
16435.547000,8.00000000E+0,
16445.313000,1.00000000E+1,
16455.078000,7.00000000E+0,
16464.844000,6.00000000E+0,
16474.609000,1.00000000E+1,
16484.375000,1.00000000E+1,
16494.141000,8.00000000E+0,
16503.906000,7.00000000E+0,
16513.672000,8.00000000E+0,
16523.438000,1.00000000E+1,
16533.20000,2.00000000E+0,
16542.969000,1.00000000E+1,
16552.734000,1.20000000E+1,
16562.50000,8.00000000E+0,
16572.266000,1.00000000E+1,
16582.031000,1.00000000E+1,
16591.80000,8.00000000E+0,
16601.563000,8.00000000E+0,
16611.328000,6.00000000E+0,
16621.094000,1.00000000E+1,
16630.859000,6.00000000E+0,
16640.625000,9.00000000E+0,
16650.391000,5.00000000E+0,
16660.156000,7.00000000E+0,
16669.922000,1.00000000E+1,
16679.688000,1.10000000E+1,
16689.453000,5.00000000E+0,
16699.219000,1.00000000E+1,
16708.984000,7.00000000E+0,
16718.750000,5.00000000E+0,
16728.516000,4.00000000E+0,
16738.281000,9.00000000E+0,
16748.047000,3.00000000E+0,
16757.813000,5.00000000E+0,
16767.578000,7.00000000E+0,
16777.344000,8.00000000E+0,
16787.109000,6.00000000E+0,
16796.875000,6.00000000E+0,
16806.641000,9.00000000E+0,
16816.406000,8.00000000E+0,
16826.172000,8.00000000E+0,
16835.938000,6.00000000E+0,
16845.70000,8.00000000E+0,
16855.469000,6.00000000E+0,
16865.234000,6.00000000E+0,
16875.0000,8.00000000E+0,
16884.766000,6.00000000E+0,
16894.531000,5.00000000E+0,
16904.30000,1.00000000E+1,
16914.063000,6.00000000E+0,
16923.828000,1.10000000E+1,
16933.594000,1.30000000E+1,
16943.359000,8.00000000E+0,
16953.125000,8.00000000E+0,
16962.891000,8.00000000E+0,
16972.656000,6.00000000E+0,
16982.422000,1.10000000E+1,
16992.188000,3.00000000E+0,
17001.953000,1.30000000E+1,
17011.719000,8.00000000E+0,
17021.484000,5.00000000E+0,
17031.250000,1.00000000E+1,
17041.016000,2.00000000E+0,
17050.781000,1.20000000E+1,
17060.547000,5.00000000E+0,
17070.313000,8.00000000E+0,
17080.078000,1.20000000E+1,
17089.844000,9.00000000E+0,
17099.609000,9.00000000E+0,
17109.375000,6.00000000E+0,
17119.141000,1.40000000E+1,
17128.906000,4.00000000E+0,
17138.672000,8.00000000E+0,
17148.438000,8.00000000E+0,
17158.20000,8.00000000E+0,
17167.969000,1.00000000E+1,
17177.734000,9.00000000E+0,
17187.50000,1.00000000E+1,
17197.266000,1.30000000E+1,
17207.031000,6.00000000E+0,
17216.80000,3.00000000E+0,
17226.563000,6.00000000E+0,
17236.328000,1.10000000E+1,
17246.094000,4.00000000E+0,
17255.859000,4.00000000E+0,
17265.625000,8.00000000E+0,
17275.391000,8.00000000E+0,
17285.156000,1.00000000E+1,
17294.922000,4.00000000E+0,
17304.688000,2.00000000E+0,
17314.453000,5.00000000E+0,
17324.219000,6.00000000E+0,
17333.984000,9.00000000E+0,
17343.750000,5.00000000E+0,
17353.516000,1.30000000E+1,
17363.281000,6.00000000E+0,
17373.047000,1.00000000E+1,
17382.813000,8.00000000E+0,
17392.578000,8.00000000E+0,
17402.344000,4.00000000E+0,
17412.109000,8.00000000E+0,
17421.875000,6.00000000E+0,
17431.641000,8.00000000E+0,
17441.406000,9.00000000E+0,
17451.172000,7.00000000E+0,
17460.938000,1.00000000E+1,
17470.70000,6.00000000E+0,
17480.469000,6.00000000E+0,
17490.234000,6.00000000E+0,
1.75E04,7.00000000E+0,
17509.766000,6.00000000E+0,
17519.531000,6.00000000E+0,
17529.30000,1.10000000E+1,
17539.063000,4.00000000E+0,
17548.828000,6.00000000E+0,
17558.594000,1.30000000E+1,
17568.359000,9.00000000E+0,
17578.125000,6.00000000E+0,
17587.891000,5.00000000E+0,
17597.656000,6.00000000E+0,
17607.422000,1.00000000E+1,
17617.188000,6.00000000E+0,
17626.953000,5.00000000E+0,
17636.719000,6.00000000E+0,
17646.484000,7.00000000E+0,
17656.250000,6.00000000E+0,
17666.016000,3.00000000E+0,
17675.781000,9.00000000E+0,
17685.547000,4.00000000E+0,
17695.313000,1.50000000E+1,
17705.078000,6.00000000E+0,
17714.844000,1.20000000E+1,
17724.609000,4.00000000E+0,
17734.375000,1.10000000E+1,
17744.141000,8.00000000E+0,
17753.906000,5.00000000E+0,
17763.672000,9.00000000E+0,
17773.438000,7.00000000E+0,
17783.20000,5.00000000E+0,
17792.969000,8.00000000E+0,
17802.734000,8.00000000E+0,
17812.50000,9.00000000E+0,
17822.266000,6.00000000E+0,
17832.031000,2.00000000E+0,
17841.80000,7.00000000E+0,
17851.563000,6.00000000E+0,
17861.328000,2.00000000E+0,
17871.094000,5.00000000E+0,
17880.859000,3.00000000E+0,
17890.625000,6.00000000E+0,
17900.391000,1.10000000E+1,
17910.156000,4.00000000E+0,
17919.922000,6.00000000E+0,
17929.688000,1.30000000E+1,
17939.453000,5.00000000E+0,
17949.219000,8.00000000E+0,
17958.984000,2.00000000E+0,
17968.750000,1.40000000E+1,
17978.516000,6.00000000E+0,
17988.281000,4.00000000E+0,
17998.047000,1.00000000E+1,
18007.813000,6.00000000E+0,
18017.578000,8.00000000E+0,
18027.344000,5.00000000E+0,
18037.109000,6.00000000E+0,
18046.875000,9.00000000E+0,
18056.641000,4.00000000E+0,
18066.406000,8.00000000E+0,
18076.172000,8.00000000E+0,
18085.938000,1.10000000E+1,
18095.70000,1.20000000E+1,
18105.469000,1.10000000E+1,
18115.234000,7.00000000E+0,
18125.0000,1.40000000E+1,
18134.766000,4.00000000E+0,
18144.531000,6.00000000E+0,
18154.30000,9.00000000E+0,
18164.063000,1.10000000E+1,
18173.828000,6.00000000E+0,
18183.594000,5.00000000E+0,
18193.359000,1.00000000E+1,
18203.125000,6.00000000E+0,
18212.891000,9.00000000E+0,
18222.656000,1.00000000E+1,
18232.422000,5.00000000E+0,
18242.188000,7.00000000E+0,
18251.953000,1.40000000E+1,
18261.719000,6.00000000E+0,
18271.484000,1.00000000E+1,
18281.250000,6.00000000E+0,
18291.016000,5.00000000E+0,
18300.781000,1.30000000E+1,
18310.547000,3.00000000E+0,
18320.313000,5.00000000E+0,
18330.078000,7.00000000E+0,
18339.844000,4.00000000E+0,
18349.609000,9.00000000E+0,
18359.375000,9.00000000E+0,
18369.141000,6.00000000E+0,
18378.906000,7.00000000E+0,
18388.672000,1.20000000E+1,
18398.438000,5.00000000E+0,
18408.20000,8.00000000E+0,
18417.969000,5.00000000E+0,
18427.734000,4.00000000E+0,
18437.50000,4.00000000E+0,
18447.266000,4.00000000E+0,
18457.031000,3.00000000E+0,
18466.80000,6.00000000E+0,
18476.563000,5.00000000E+0,
18486.328000,5.00000000E+0,
18496.094000,6.00000000E+0,
18505.859000,4.00000000E+0,
18515.625000,4.00000000E+0,
18525.391000,8.00000000E+0,
18535.156000,9.00000000E+0,
18544.922000,1.00000000E+1,
18554.688000,1.00000000E+1,
18564.453000,7.00000000E+0,
18574.219000,2.00000000E+0,
18583.984000,7.00000000E+0,
18593.750000,3.00000000E+0,
18603.516000,6.00000000E+0,
18613.281000,6.00000000E+0,
18623.047000,8.00000000E+0,
18632.813000,7.00000000E+0,
18642.578000,7.00000000E+0,
18652.344000,8.00000000E+0,
18662.109000,7.00000000E+0,
18671.875000,7.00000000E+0,
18681.641000,7.00000000E+0,
18691.406000,4.00000000E+0,
18701.172000,6.00000000E+0,
18710.938000,9.00000000E+0,
18720.70000,1.00000000E+1,
18730.469000,5.00000000E+0,
18740.234000,1.50000000E+1,
18750.000,7.00000000E+0,
18759.766000,9.00000000E+0,
18769.531000,6.00000000E+0,
18779.30000,7.00000000E+0,
18789.063000,0.00000000E+0,
18798.828000,7.00000000E+0,
18808.594000,1.00000000E+1,
18818.359000,7.00000000E+0,
18828.125000,5.00000000E+0,
18837.891000,9.00000000E+0,
18847.656000,6.00000000E+0,
18857.422000,9.00000000E+0,
18867.188000,7.00000000E+0,
18876.953000,4.00000000E+0,
18886.719000,5.00000000E+0,
18896.484000,1.30000000E+1,
18906.250000,1.00000000E+1,
18916.016000,7.00000000E+0,
18925.781000,1.40000000E+1,
18935.547000,8.00000000E+0,
18945.313000,5.00000000E+0,
18955.078000,2.00000000E+0,
18964.844000,8.00000000E+0,
18974.609000,9.00000000E+0,
18984.375000,9.00000000E+0,
18994.141000,7.00000000E+0,
19003.906000,8.00000000E+0,
19013.672000,9.00000000E+0,
19023.438000,1.10000000E+1,
19033.20000,8.00000000E+0,
19042.969000,8.00000000E+0,
19052.734000,2.00000000E+0,
19062.50000,7.00000000E+0,
19072.266000,7.00000000E+0,
19082.031000,6.00000000E+0,
19091.80000,5.00000000E+0,
19101.563000,7.00000000E+0,
19111.328000,5.00000000E+0,
19121.094000,6.00000000E+0,
19130.859000,8.00000000E+0,
19140.625000,8.00000000E+0,
19150.391000,4.00000000E+0,
19160.156000,9.00000000E+0,
19169.922000,8.00000000E+0,
19179.688000,8.00000000E+0,
19189.453000,9.00000000E+0,
19199.219000,9.00000000E+0,
19208.984000,7.00000000E+0,
19218.750000,1.00000000E+1,
19228.516000,8.00000000E+0,
19238.281000,7.00000000E+0,
19248.047000,6.00000000E+0,
19257.813000,8.00000000E+0,
19267.578000,8.00000000E+0,
19277.344000,6.00000000E+0,
19287.109000,6.00000000E+0,
19296.875000,8.00000000E+0,
19306.641000,6.00000000E+0,
19316.406000,2.00000000E+0,
19326.172000,8.00000000E+0,
19335.938000,4.00000000E+0,
19345.70000,3.00000000E+0,
19355.469000,8.00000000E+0,
19365.234000,5.00000000E+0,
19375.0000,6.00000000E+0,
19384.766000,8.00000000E+0,
19394.531000,8.00000000E+0,
19404.30000,6.00000000E+0,
19414.063000,9.00000000E+0,
19423.828000,4.00000000E+0,
19433.594000,3.00000000E+0,
19443.359000,4.00000000E+0,
19453.125000,5.00000000E+0,
19462.891000,9.00000000E+0,
19472.656000,5.00000000E+0,
19482.422000,5.00000000E+0,
19492.188000,6.00000000E+0,
19501.953000,3.00000000E+0,
19511.719000,1.00000000E+1,
19521.484000,9.00000000E+0,
19531.250000,1.00000000E+1,
19541.016000,4.00000000E+0,
19550.781000,5.00000000E+0,
19560.547000,3.00000000E+0,
19570.313000,8.00000000E+0,
19580.078000,8.00000000E+0,
19589.844000,3.00000000E+0,
19599.609000,1.20000000E+1,
19609.375000,1.00000000E+1,
19619.141000,6.00000000E+0,
19628.906000,2.00000000E+0,
19638.672000,3.00000000E+0,
19648.438000,6.00000000E+0,
19658.20000,7.00000000E+0,
19667.969000,5.00000000E+0,
19677.734000,1.10000000E+1,
19687.50000,7.00000000E+0,
19697.266000,1.00000000E+1,
19707.031000,1.00000000E+1,
19716.80000,4.00000000E+0,
19726.563000,6.00000000E+0,
19736.328000,1.10000000E+1,
19746.094000,6.00000000E+0,
19755.859000,7.00000000E+0,
19765.625000,2.00000000E+0,
19775.391000,7.00000000E+0,
19785.156000,5.00000000E+0,
19794.922000,1.10000000E+1,
19804.688000,2.00000000E+0,
19814.453000,8.00000000E+0,
19824.219000,8.00000000E+0,
19833.984000,6.00000000E+0,
19843.750000,6.00000000E+0,
19853.516000,6.00000000E+0,
19863.281000,7.00000000E+0,
19873.047000,9.00000000E+0,
19882.813000,1.20000000E+1,
19892.578000,8.00000000E+0,
19902.344000,1.40000000E+1,
19912.109000,5.00000000E+0,
19921.875000,9.00000000E+0,
19931.641000,3.00000000E+0,
19941.406000,8.00000000E+0,
19951.172000,9.00000000E+0,
19960.938000,1.10000000E+1,
19970.70000,6.00000000E+0,
19980.469000,4.00000000E+0,
19990.234000,7.00000000E+0,
